metric,n_Q4,n_rest,p_MW,cliffs_delta
share_W,7,13,0.30784613571027253,0.18681318681318682
share_DW,7,16,0.061432865649097376,0.3392857142857143
share_AIR,9,27,0.0014600972793529566,0.6748971193415638
share_MSW,8,21,0.10630589302742253,0.21428571428571427
