X,Y,rho,p_value,n_used
TN_km2,AIR_tour_km2,0.6512254383869622,1.6986933513554225e-05,36
TN_km2,share_AIR,0.6206863493878271,5.375649345129847e-05,36
