Y,beta_TN_km2,SE_HC1,p_value,AIC,BIC
AIR_km2,,,,7038.66624,7046.504027
DW_km2,,,,1841.858324,1849.696112
MSW_km2,,,,4462.314006,4470.151793
